protocol,chain,asset,source_id,market_label,observed_at_utc,rate_type,rate_pct,tvl_usd,outstanding_debt_usd,total_supply_usd,rate_source,weight_source
aave-v3,Ethereum,USDC,27296bf9-617a-46e4-9d6d-eefc71e9e0b6,Aave Horizon Market,2026-10-07T00:39:50.478698+00:00,"base borrow APY, rewards excluded",6.27474,428737,2621771,3050332,https://yields.llama.fi/lendBorrow,https://yields.llama.fi/pools
aave-v3,Ethereum,USDC,aa70268e-4b52-42bf-a116-608b370f9501,USDC,2026-10-07T00:39:50.478698+00:00,"base borrow APY, rewards excluded",13.72222,9205783,2246732670,2255822444,https://yields.llama.fi/lendBorrow,https://yields.llama.fi/pools
aave-v3,Ethereum,USDC,effcb4a4-4dcb-45e5-935d-f15542c13e6b,Prime Instance,2026-10-07T00:39:50.478698+00:00,"base borrow APY, rewards excluded",4.47057,1392059,4128114,5519981,https://yields.llama.fi/lendBorrow,https://yields.llama.fi/pools
compound-v3,Ethereum,USDC,7da72d09-56ca-4ec5-a45f-59114353e487,USDC,2026-10-07T00:39:50.478698+00:00,"base borrow APY, rewards excluded",3.99862,38810402,347343803,386154205,https://yields.llama.fi/lendBorrow,https://yields.llama.fi/pools
morpho-blue,Ethereum,USDC,0x002278ea242ec722813b4fe3c8eeaa07dbc331c731cc0b4248a1bf0771f933ea,PST,2026-10-07T00:39:51.984070+00:00,borrow APY (Morpho native),6.562775679387138,4860221.581813473,33007713.267821644,37867934.84963512,https://api.morpho.org/graphql,https://api.morpho.org/graphql
morpho-blue,Ethereum,USDC,0x008bed852cd124791f0c8f4ca81893d6ad06e0eed39143ea4cfb874a88f70bec,NGI+,2026-10-07T00:39:51.984070+00:00,borrow APY (Morpho native),6.004965967325372,3339.7174172145606,30162.627708124004,33502.345125338565,https://api.morpho.org/graphql,https://api.morpho.org/graphql
morpho-blue,Ethereum,USDC,0x031c7333014af51e4fd18031d14e4eaada58348cde3f6dc6ea8cca16f7387fb2,mAPOLLO,2026-10-07T00:39:51.984070+00:00,borrow APY (Morpho native),2.1593903633118887,23199.086899692018,199403.45802445678,222602.5449241488,https://api.morpho.org/graphql,https://api.morpho.org/graphql
morpho-blue,Ethereum,USDC,0x09dc9e7eb5d8fc54b2bc41d1135fd4e99057a580f680321faeb90c7a21e631c1,WBTC,2026-10-07T00:39:51.984070+00:00,borrow APY (Morpho native),4.770329434099468,174439.87090103934,1353820.8371551496,1528260.708056189,https://api.morpho.org/graphql,https://api.morpho.org/graphql
morpho-blue,Ethereum,USDC,0x0a15460ad263c2186fe0b5df20a8cf71d55f3cfa06de15edcf6138f6b8edd8bf,rETH,2026-10-07T00:39:51.984070+00:00,borrow APY (Morpho native),4.625981727547688,310567.5490823318,2818427.534886307,3128995.083968639,https://api.morpho.org/graphql,https://api.morpho.org/graphql
morpho-blue,Ethereum,USDC,0x0c93c623fd2a78a2ffa36b019f74c400c3f3d81fcb22851c88e0c96e510f9689,PT-siUSD-7JAN2027,2026-10-07T00:39:51.984070+00:00,borrow APY (Morpho native),1.413755513040049,476434.7651925514,73523.71909550347,549958.4842880549,https://api.morpho.org/graphql,https://api.morpho.org/graphql
morpho-blue,Ethereum,USDC,0x1590cb22d797e226df92ebc6e0153427e207299916e7e4e53461389ad68272fb,wsrUSD,2026-10-07T00:39:51.984070+00:00,borrow APY (Morpho native),6.942138147438984,1124660.0621151011,10844250.439411689,11968910.50152679,https://api.morpho.org/graphql,https://api.morpho.org/graphql
morpho-blue,Ethereum,USDC,0x167f1d100200e7b7348a82f81e556f4f6c0271d79532073e57630ad9781a9ec8,aguaUSDCgc,2026-10-07T00:39:51.984070+00:00,borrow APY (Morpho native),6.640586323275747,165426.08995413152,1661681.8580123668,1827107.9479664983,https://api.morpho.org/graphql,https://api.morpho.org/graphql
morpho-blue,Ethereum,USDC,0x17f7ae1b52670010976b3fe41324cbb2b1eb7dd8f492e51764b2828371b86b84,fxSAVE,2026-10-07T00:39:51.984070+00:00,borrow APY (Morpho native),4.318527207157225,2310622.681748204,20471698.09935003,22782320.781098235,https://api.morpho.org/graphql,https://api.morpho.org/graphql
morpho-blue,Ethereum,USDC,0x1a9ccaca2dba9469cd9cba3d077466761b05f465c412d2bf2c71614c4963dd84,USCC,2026-10-07T00:39:54.936963+00:00,borrow APY (Morpho native),3.210994177741501,0.26205782655796206,1.0626340875724334,1.3246919141303954,https://api.morpho.org/graphql,https://api.morpho.org/graphql
morpho-blue,Ethereum,USDC,0x1d09bf979a167075f5608686642fd3cdb458de742a234175892fa03f23693f6b,v-wmtUSDC,2026-10-07T00:39:51.984070+00:00,borrow APY (Morpho native),6.750618936442544,431168.7235793122,3888967.868409267,4320136.591988579,https://api.morpho.org/graphql,https://api.morpho.org/graphql
morpho-blue,Ethereum,USDC,0x1e9d614631a7df0ec07fb05b2c8cb2491575fd1a63a33bf187a6afb295a4fc64,PT-reUSD-10DEC2026,2026-10-07T00:39:51.984070+00:00,borrow APY (Morpho native),8.27420707322056,13766833.9430006,98615639.55608797,112382473.49908857,https://api.morpho.org/graphql,https://api.morpho.org/graphql
morpho-blue,Ethereum,USDC,0x22fe4c688161863c73571a2b8db65cc11a4a6bceee4f0dea4aa83e4b784f1bd9,PT-sUSDS-26NOV2026,2026-10-07T00:39:51.984070+00:00,borrow APY (Morpho native),4.32233763875443,1641517.907059377,12677812.690805608,14319330.597864985,https://api.morpho.org/graphql,https://api.morpho.org/graphql
morpho-blue,Ethereum,USDC,0x2412afc9614939a5d994397fe0b94a4f6fb8bc02bfc139e1a5956a865e2efe26,PT-USDG-24SEP2026,2026-10-07T00:39:54.936963+00:00,borrow APY (Morpho native),4.305562332360969,0.09071532432393914,0.9180003254375779,1.008715649761517,https://api.morpho.org/graphql,https://api.morpho.org/graphql
morpho-blue,Ethereum,USDC,0x24852d8d7464402ddcd717415e009d42bf7427d6a8893487f83c75ee0f4a0ea6,dCOMP,2026-10-07T00:39:51.984070+00:00,borrow APY (Morpho native),9.940295819355448,1475464.9399460647,13296019.397924589,14771484.337870654,https://api.morpho.org/graphql,https://api.morpho.org/graphql
morpho-blue,Ethereum,USDC,0x278ca5513e54e0718a93515d453442f8ecc9a3640dfaf3a88db69f4c8a4880d9,liUSD-1w,2026-10-07T00:39:51.984070+00:00,borrow APY (Morpho native),13.756407422389714,690.80648394081,731.9197622319116,1422.7262461727216,https://api.morpho.org/graphql,https://api.morpho.org/graphql
morpho-blue,Ethereum,USDC,0x2a0b893471c785a1f0fda00df7fca578b703eef7ae7186d2429c2824b5212467,wFalconX,2026-10-07T00:39:51.984070+00:00,borrow APY (Morpho native),5.5550241618392375,2521901.222982824,21684160.5094941,24206061.732476924,https://api.morpho.org/graphql,https://api.morpho.org/graphql
morpho-blue,Ethereum,USDC,0x2bbdd81580c750491207e798bdcd31596a6254c5e5d1541ad901ab08c75671e4,AUTO,2026-10-07T00:39:51.984070+00:00,borrow APY (Morpho native),6.522756895946643,100096.81387799839,540160.7036175457,640257.517495544,https://api.morpho.org/graphql,https://api.morpho.org/graphql
morpho-blue,Ethereum,USDC,0x2fb3713487c7812e7309935b034f40228841666f6b048faf31fd2110ae674f20,PT-stcUSD-23JUL2026,2026-10-07T00:39:54.936963+00:00,borrow APY (Morpho native),0.07730046607538903,0.995995726029665,1.0269781045243933,2.0229738305540583,https://api.morpho.org/graphql,https://api.morpho.org/graphql
morpho-blue,Ethereum,USDC,0x31a277fde40c1bd37dd00cb2167fe1d5831b450efecc63323679228a101e9979,SPX,2026-10-07T00:39:51.984070+00:00,borrow APY (Morpho native),2.4504978688032137,329.50618956425023,32622.67223590996,32952.17842547421,https://api.morpho.org/graphql,https://api.morpho.org/graphql
morpho-blue,Ethereum,USDC,0x32e253d33f1594a67fc6ef51bf7a39cc4bf2d14904998dee769706fcde489ed9,wsrUSD,2026-10-07T00:39:54.936963+00:00,borrow APY (Morpho native),8.124023436962663,0.21870549471941247,2.2698529414253983,2.4885584361448108,https://api.morpho.org/graphql,https://api.morpho.org/graphql
morpho-blue,Ethereum,USDC,0x34377fc4f617c51818e92c79df31ff270c6a91bc94ad32e367fdf59b9f4ac5dd,weETH,2026-10-07T00:39:51.984070+00:00,borrow APY (Morpho native),4.666275281883622,44707.00411595771,434884.8951886899,479591.8993046476,https://api.morpho.org/graphql,https://api.morpho.org/graphql
morpho-blue,Ethereum,USDC,0x38fa7d75c15a0f11cc46e2d1987a05c26a836d0da6b4430657ec5ece38a25a45,SYRUP,2026-10-07T00:39:51.984070+00:00,borrow APY (Morpho native),11.912231832821533,15992.928496809967,189487.27279048716,205480.20128729712,https://api.morpho.org/graphql,https://api.morpho.org/graphql
morpho-blue,Ethereum,USDC,0x3a85e619751152991742810df6ec69ce473daef99e28a64ab2340d7b7ccfee49,WBTC,2026-10-07T00:39:51.984070+00:00,borrow APY (Morpho native),4.7997984024533595,15506280.531442717,116012213.41129966,131518493.94274238,https://api.morpho.org/graphql,https://api.morpho.org/graphql
morpho-blue,Ethereum,USDC,0x3b2e7f3b7e5c7392110542b754ba8523c358f25a2b88c586f2f1cd97d54196cc,stakedao-PYcrvUSD,2026-10-07T00:39:54.936963+00:00,borrow APY (Morpho native),0.9952766603875802,0.1499873091563424,0.9160724885572218,1.0660597977135642,https://api.morpho.org/graphql,https://api.morpho.org/graphql
morpho-blue,Ethereum,USDC,0x3b47d7baa81e340c5b12fbde5acae5e5d9087be57afd648bb4a07034d9b4f0de,Ultra_USD,2026-10-07T00:39:51.984070+00:00,borrow APY (Morpho native),7.350234786359522,4489.613483308138,40609.59422821178,45099.20771151992,https://api.morpho.org/graphql,https://api.morpho.org/graphql
morpho-blue,Ethereum,USDC,0x3c4a46caa1a56d375228b3bac4c744ff858e387c78e59c54ccfb32e251d00320,sUSDat,2026-10-07T00:39:51.984070+00:00,borrow APY (Morpho native),11.585656630258418,91717.22995291546,927370.5690861845,1019087.7990391,https://api.morpho.org/graphql,https://api.morpho.org/graphql
morpho-blue,Ethereum,USDC,0x3c80fd8318295fff3b1540eb915abff4fce991e8c55af3a8e263e47118185fde,StockMarketTRBasisTrade,2026-10-07T00:39:51.984070+00:00,borrow APY (Morpho native),8.132084840351043,84202.69293380633,355002.64988378546,439205.3428175918,https://api.morpho.org/graphql,https://api.morpho.org/graphql
morpho-blue,Ethereum,USDC,0x41b12bac98fdc74ffeb513771b0bd341a14733f57072f7236cf3730af06d7fa2,ROY-ST-apyUSD,2026-10-07T00:39:51.984070+00:00,borrow APY (Morpho native),0.41356237247429833,43088.091073695745,464327.0243781988,507415.1154518945,https://api.morpho.org/graphql,https://api.morpho.org/graphql
morpho-blue,Ethereum,USDC,0x42c2b592fc759fad461fb5c80d5ea214a496f70d8594398d69af68c2f3798de6,PT-srUSDat-27AUG2026,2026-10-07T00:39:51.984070+00:00,borrow APY (Morpho native),23.92521045992796,4103.960862449694,3950.3743008361193,8054.335163285814,https://api.morpho.org/graphql,https://api.morpho.org/graphql
morpho-blue,Ethereum,USDC,0x43e925e52d7873fa8acac90dd5f246087d55b3a34c344b71884a6352491ff459,fxSAVE,2026-10-07T00:39:51.984070+00:00,borrow APY (Morpho native),13.599809999816689,5648.956624058432,56614.74115918603,62263.69778324446,https://api.morpho.org/graphql,https://api.morpho.org/graphql
morpho-blue,Ethereum,USDC,0x4565ac05d38b19374ccbb04c17cca60ca9353cd41824f0803d0fc7704f60eaed,reUSD,2026-10-07T00:39:51.984070+00:00,borrow APY (Morpho native),6.303455026839569,999915.3942286298,9158727.606146589,10158643.000375219,https://api.morpho.org/graphql,https://api.morpho.org/graphql
morpho-blue,Ethereum,USDC,0x4abde0597e71acc6d4dacd3d3edb2929e7289a40754a20eaeccaa66ff717be99,mM1-USD,2026-10-07T00:39:51.984070+00:00,borrow APY (Morpho native),8.339406598199558,1138240.4482768346,7771770.905582063,8910011.353858897,https://api.morpho.org/graphql,https://api.morpho.org/graphql
morpho-blue,Ethereum,USDC,0x51c6fa2e3ab990af15e95a8c91e93482d7a87068c60133e1c7e8000f91ec7618,mHyperBTC,2026-10-07T00:39:51.984070+00:00,borrow APY (Morpho native),9.701319492649777,273156.9108155528,2486020.7919749464,2759177.702790499,https://api.morpho.org/graphql,https://api.morpho.org/graphql
morpho-blue,Ethereum,USDC,0x526d6d2e334afcb8ffc183eba1bdb1ed58e5a71fa9bd1a75a95eb71c6808081f,SPYon,2026-10-07T00:39:51.984070+00:00,borrow APY (Morpho native),4.653884496727468,34.89142673927722,327.1745418514545,362.0659685907317,https://api.morpho.org/graphql,https://api.morpho.org/graphql
morpho-blue,Ethereum,USDC,0x5613b170ded221c588b6e9637b910f49e5508680ceede207f44aa72e5c46cb05,PT-sUSDE-26NOV2026,2026-10-07T00:39:51.984070+00:00,borrow APY (Morpho native),3.7379798211582336,763008.1112891752,6990929.05347733,7753937.164766505,https://api.morpho.org/graphql,https://api.morpho.org/graphql
morpho-blue,Ethereum,USDC,0x5cebfae10f5e88d33df2421923f3d9f32359429fda2f78edacc9b4fdb09b0553,PT-USDG-28MAY2026,2026-10-07T00:39:51.984070+00:00,borrow APY (Morpho native),20.64576983013978,57.063405706429876,1265.5174310480975,1322.5808367545274,https://api.morpho.org/graphql,https://api.morpho.org/graphql
morpho-blue,Ethereum,USDC,0x5d41b8d23ccf6d9e9f7e2b1b357d92bba6ef0367d6ef8ceda965f73e52108461,USP,2026-10-07T00:39:51.984070+00:00,borrow APY (Morpho native),7.515698778780293,46423.844196340346,84461.85572832102,130885.69992466137,https://api.morpho.org/graphql,https://api.morpho.org/graphql
morpho-blue,Ethereum,USDC,0x61765602144e91e5ac9f9e98b8584eae308f9951596fd7f5e0f59f21cd2bf664,weETH,2026-10-07T00:39:51.984070+00:00,borrow APY (Morpho native),4.980137210011399,93612.41394212376,847754.7659168694,941367.1798589932,https://api.morpho.org/graphql,https://api.morpho.org/graphql
morpho-blue,Ethereum,USDC,0x64d65c9a2d91c36d56fbc42d69e979335320169b3df63bf92789e2c8883fcc64,cbBTC,2026-10-07T00:39:51.984070+00:00,borrow APY (Morpho native),5.003982109357623,33190922.7992543,303661632.3933195,336852555.1925738,https://api.morpho.org/graphql,https://api.morpho.org/graphql
morpho-blue,Ethereum,USDC,0x68d35b050f930a801087aa0aca91da1bc32f84783277813b619e3e1d0bf00a2f,stakedao-crvUSDUSDT-f,2026-10-07T00:39:54.936963+00:00,borrow APY (Morpho native),2.2467259065047243,0.10007253258450588,0.9381136235954436,1.0381861561799495,https://api.morpho.org/graphql,https://api.morpho.org/graphql
morpho-blue,Ethereum,USDC,0x69ef7fd17b42cd7df6d885aee1b11380837afbc1664b25587041cf193b31617b,PT-USDat-27AUG2026,2026-10-07T00:39:51.984070+00:00,borrow APY (Morpho native),21.04563002550971,495.84397626118516,5348.974657367508,5844.8186336286935,https://api.morpho.org/graphql,https://api.morpho.org/graphql
morpho-blue,Ethereum,USDC,0x6d1dae6238f6f296abb77d9e17a8429132458146bc89d1d2b20516b87a40dee7,EIGEN,2026-10-07T00:39:51.984070+00:00,borrow APY (Morpho native),11.158077340282185,31.1534110231903,391.7711941489246,422.9246051721149,https://api.morpho.org/graphql,https://api.morpho.org/graphql
morpho-blue,Ethereum,USDC,0x6d2fba32b8649d92432d036c16aa80779034b7469b63abc259b17678857f31c2,wstETH,2026-10-07T00:39:51.984070+00:00,borrow APY (Morpho native),4.849449288823078,86829.6128697996,796528.885326193,883358.4981959925,https://api.morpho.org/graphql,https://api.morpho.org/graphql
morpho-blue,Ethereum,USDC,0x6d95bf5fad1b0427205ee2b595f80b52e22394173de0832efa79fde88abb8525,MORPHO,2026-10-07T00:39:51.984070+00:00,borrow APY (Morpho native),11.66549993107591,41563.917209288455,499846.04315316724,541409.9603624557,https://api.morpho.org/graphql,https://api.morpho.org/graphql
morpho-blue,Ethereum,USDC,0x6df56abb95e9f3f96049448e1c98d208deb1add8a3d0c7a23e5e5466dba4edbd,iUSD,2026-10-07T00:39:51.984070+00:00,borrow APY (Morpho native),7.28624929675046,4827.937705754082,6538.169083317482,11366.106789071564,https://api.morpho.org/graphql,https://api.morpho.org/graphql
morpho-blue,Ethereum,USDC,0x70dfbd2705d10d5dfb4d89e07e2bb860b5a624ce2f97e209ab9f5308bf6c67a1,API3,2026-10-07T00:39:54.936963+00:00,borrow APY (Morpho native),3.988322384135196,0.010999069338131787,0.09020136781123006,0.10120043714936185,https://api.morpho.org/graphql,https://api.morpho.org/graphql
morpho-blue,Ethereum,USDC,0x729badf297ee9f2f6b3f717b96fd355fc6ec00422284ce1968e76647b258cf44,syrupUSDC,2026-10-07T00:39:51.984070+00:00,borrow APY (Morpho native),4.7072947215164325,2675.6370269045838,24132.67494020966,26808.311967114245,https://api.morpho.org/graphql,https://api.morpho.org/graphql
morpho-blue,Ethereum,USDC,0x755f954513d31d5f24aaf3d0cdc5e913a28383f8ea8ff85be9ffffa7371fb64d,PRIME,2026-10-07T00:39:51.984070+00:00,borrow APY (Morpho native),4.830425360680542,164559.04811095493,1457872.1638588118,1622431.2119697668,https://api.morpho.org/graphql,https://api.morpho.org/graphql
morpho-blue,Ethereum,USDC,0x7dea3baf843210ce0a4a9e6374cea47dcd55384fb36d2d701e69b221867b39e5,ONDO,2026-10-07T00:39:51.984070+00:00,borrow APY (Morpho native),11.755441473246583,15858.163603642635,189946.79385413107,205804.9574577737,https://api.morpho.org/graphql,https://api.morpho.org/graphql
morpho-blue,Ethereum,USDC,0x7e585a933ffe8443c371b4f8cfeb4430f5f6a14c2f32a898c26662c67a1cb8b8,wstETH,2026-10-07T00:39:51.984070+00:00,borrow APY (Morpho native),4.844417842918516,1332399.1725738086,11514951.714324187,12847350.886897996,https://api.morpho.org/graphql,https://api.morpho.org/graphql
morpho-blue,Ethereum,USDC,0x7e66ce6d3e2a27db0dab1d9c16dd313a4658eb6317a75d3bf8de8fe8a5880f96,stakedao-crvUSDUSDC-f,2026-10-07T00:39:54.936963+00:00,borrow APY (Morpho native),5.690147774212904,0.12338955966595111,1.1567451245756724,1.2801346842416235,https://api.morpho.org/graphql,https://api.morpho.org/graphql
morpho-blue,Ethereum,USDC,0x7f1224a8598b97a8455d298bd58b0f720f1b4f19a815198b8cdecc9feedada93,kBTC,2026-10-07T00:39:54.936963+00:00,borrow APY (Morpho native),2.251058163405367,0.01100206908431492,0.0904583460675846,0.10146041515189952,https://api.morpho.org/graphql,https://api.morpho.org/graphql
morpho-blue,Ethereum,USDC,0x7fb1a1db36cc77c1488cd79915ce05ee56c8d256515c20caae926ba74edc4687,PT-sUSDat-14JAN2027,2026-10-07T00:39:51.984070+00:00,borrow APY (Morpho native),2.1876640225164707,10639.384750045836,122358.06944220973,132997.45419225557,https://api.morpho.org/graphql,https://api.morpho.org/graphql
morpho-blue,Ethereum,USDC,0x85252bb8485c99bba46fe149c7dd2aad83672640f53c630890673cf1848ba16e,weETH,2026-10-07T00:39:51.984070+00:00,borrow APY (Morpho native),4.859828626956394,4718870.841317035,39293546.12847319,44012416.96979023,https://api.morpho.org/graphql,https://api.morpho.org/graphql
morpho-blue,Ethereum,USDC,0x85c7f4374f3a403b36d54cc284983b2b02bbd8581ee0f3c36494447b87d9fcab,sUSDe,2026-10-07T00:39:51.984070+00:00,borrow APY (Morpho native),0.06233813748174002,5643.203618836211,3902.359788477639,9545.56340731385,https://api.morpho.org/graphql,https://api.morpho.org/graphql
morpho-blue,Ethereum,USDC,0x87753839ac836a59dd13f66ea6ea5481ba2374ae76dfdfbe8c4861e835833646,SHIB,2026-10-07T00:39:51.984070+00:00,borrow APY (Morpho native),1.996325676893701,3.868693659062558,383.0156869767539,386.88438063581646,https://api.morpho.org/graphql,https://api.morpho.org/graphql
morpho-blue,Ethereum,USDC,0x88ab06d43b089e574bbe312deee6cdb292702c3a2e765059492c34b1cd298acf,ftUSD,2026-10-07T00:39:51.984070+00:00,borrow APY (Morpho native),26.14391795475159,5927.9739346272545,411603.8920881556,417531.86602278287,https://api.morpho.org/graphql,https://api.morpho.org/graphql
morpho-blue,Ethereum,USDC,0x8924445a76b678c536df977ed9222fb0b23ee5311497dd0223fe6270bb20b4e6,sUSN,2026-10-07T00:39:51.984070+00:00,borrow APY (Morpho native),9.41963935527458,128022.78396694828,1194752.89815717,1322775.6821241183,https://api.morpho.org/graphql,https://api.morpho.org/graphql
morpho-blue,Ethereum,USDC,0x908b037029b5c0671ba3b362eaf289c3199560d1d4632e6cb527cc7240fa006e,PT-apxUSD-5NOV2026,2026-10-07T00:39:51.984070+00:00,borrow APY (Morpho native),3.555081637509679,530019.3163325484,2550580.750260199,3080600.0665927473,https://api.morpho.org/graphql,https://api.morpho.org/graphql
morpho-blue,Ethereum,USDC,0x94b823e6bd8ea533b4e33fbc307faea0b307301bc48763acc4d4aa4def7636cd,WETH,2026-10-07T00:39:51.984070+00:00,borrow APY (Morpho native),4.819361214009573,1167480.9880843814,8440608.97980216,9608089.967886541,https://api.morpho.org/graphql,https://api.morpho.org/graphql
morpho-blue,Ethereum,USDC,0x95c28d447950ca6c8bbfd25fc05b80b1fd7a1cdd17a3610b4b3f1ffc8dc2e2ed,mHYPER,2026-10-07T00:39:51.984070+00:00,borrow APY (Morpho native),7.050482030307603,4422.444580655923,19478.19370082121,23900.638281477135,https://api.morpho.org/graphql,https://api.morpho.org/graphql
morpho-blue,Ethereum,USDC,0x96905763efe6da2cee9553fa567ef4daa8c4d057ce8d2973c26d424d5a59eb8a,wUSCC,2026-10-07T00:39:51.984070+00:00,borrow APY (Morpho native),5.268280381341174,760019.3018446611,7102958.157198076,7862977.459042737,https://api.morpho.org/graphql,https://api.morpho.org/graphql
morpho-blue,Ethereum,USDC,0x973e9dd45799efe8775417bcc420a3ab84a583587b2108985746e2fe201d0c83,YFI,2026-10-07T00:39:51.984070+00:00,borrow APY (Morpho native),9.919984260628892,30599.894625753106,283263.2638648944,313863.1584906475,https://api.morpho.org/graphql,https://api.morpho.org/graphql
morpho-blue,Ethereum,USDC,0x975c6e8b71073a82216ae464bc44f67d71988450d2542d635d88bc78fca344b1,strUSD,2026-10-07T00:39:51.984070+00:00,borrow APY (Morpho native),7.406455062246399,1932087.501467308,12539938.577090088,14472026.078557396,https://api.morpho.org/graphql,https://api.morpho.org/graphql
morpho-blue,Ethereum,USDC,0x9b966d26e14749cdf3be6fcf44ef404f1428b3c2f8c9e9a5172437e440597715,COMP,2026-10-07T00:39:51.984070+00:00,borrow APY (Morpho native),11.698925703067575,75.91593854115831,913.0406100928967,988.956548634055,https://api.morpho.org/graphql,https://api.morpho.org/graphql
morpho-blue,Ethereum,USDC,0x9c28c8fa039a8df548a7f27adf062d751b0f2e9b9131931810535543adb23291,apyUSD,2026-10-07T00:39:51.984070+00:00,borrow APY (Morpho native),4.500659353821478,2414403.106378643,12842274.486165391,15256677.592544034,https://api.morpho.org/graphql,https://api.morpho.org/graphql
morpho-blue,Ethereum,USDC,0x9de73bf59b4b09f9b974081c30a2570174f212ea62de8da777c7770a4832ae72,mHYPER,2026-10-07T00:39:51.984070+00:00,borrow APY (Morpho native),5.350727047625843,46513.299294295604,267801.11442039156,314314.41371468717,https://api.morpho.org/graphql,https://api.morpho.org/graphql
morpho-blue,Ethereum,USDC,0x9e553e8a22eb2b2040042965d0dc424f7c5e64744b093d2df9162dce1833eeda,nvPRIME,2026-10-07T00:39:51.984070+00:00,borrow APY (Morpho native),5.360585541068823,128638.16298201703,1165845.6320434078,1294483.7950254248,https://api.morpho.org/graphql,https://api.morpho.org/graphql
morpho-blue,Ethereum,USDC,0xa0c6499787a7d046f91f2687558c021e2baae5a378885280a448183a926ef5f7,upUSDC,2026-10-07T00:39:51.984070+00:00,borrow APY (Morpho native),0.1284090435348212,13.432778415233521,59.10824268708209,72.54102110231561,https://api.morpho.org/graphql,https://api.morpho.org/graphql
morpho-blue,Ethereum,USDC,0xa5f6b409e74e34a0aa8b75642db4c954c533cf537ee48e04d4bae1888869bd3f,CarryTradeUSDTRYLeverage,2026-10-07T00:39:51.984070+00:00,borrow APY (Morpho native),11.518339147292108,236112.03294876893,1794287.0293917628,2030399.0623405317,https://api.morpho.org/graphql,https://api.morpho.org/graphql
morpho-blue,Ethereum,USDC,0xa67cfcdf2a2637c78fd6e1879e27448be7abe90c6ef1be4a1ca4337db886c8e3,stakedao-crvfrxUSD,2026-10-07T00:39:54.936963+00:00,borrow APY (Morpho native),5.750713434176944,0.10000053867611114,0.9394095139465544,1.0394100526226655,https://api.morpho.org/graphql,https://api.morpho.org/graphql
morpho-blue,Ethereum,USDC,0xa94d7d784ecd1194f23f82f6b1c1acbf1d5982bab63362d094710638d2b770dc,PT-siUSD-20AUG2026,2026-10-07T00:39:54.936963+00:00,borrow APY (Morpho native),2.0196037671750435,1.0201896789119773,0.9220249848999398,1.942214663811917,https://api.morpho.org/graphql,https://api.morpho.org/graphql
morpho-blue,Ethereum,USDC,0xaa805b43e61bba8a44e225057b4f1749e2fdd8c3c77abb4ef868c8c19d668281,CASH+,2026-10-07T00:39:54.936963+00:00,borrow APY (Morpho native),6.867694826380576,0.9954787697707737,9.121826176900218,10.117304946670991,https://api.morpho.org/graphql,https://api.morpho.org/graphql
morpho-blue,Ethereum,USDC,0xacc49fbf58feb1ac971acce68f8adc177c43682d6a7087bbd4991a05cb7a2c67,srRoyUSDC,2026-10-07T00:39:51.984070+00:00,borrow APY (Morpho native),9.499933820071847,218034.26075938577,1500724.4518724608,1718758.7126318465,https://api.morpho.org/graphql,https://api.morpho.org/graphql
morpho-blue,Ethereum,USDC,0xad656d430bb3d8c1469bf45c8ad4ebae1b04be04757c69fa424eec78d7b3f4dc,WOUSD,2026-10-07T00:39:51.984070+00:00,borrow APY (Morpho native),6.4188148579939455,9301.38386002493,87340.03323271213,96641.41709273706,https://api.morpho.org/graphql,https://api.morpho.org/graphql
morpho-blue,Ethereum,USDC,0xad73d5e139a939a0c7dc7b821e5a103a3a9cf45c4352b373b1dabc421c7f3d59,sUSDD,2026-10-07T00:39:54.936963+00:00,borrow APY (Morpho native),0.03659104199475583,7.724219432296557,0.9101929860382931,8.63441241833485,https://api.morpho.org/graphql,https://api.morpho.org/graphql
morpho-blue,Ethereum,USDC,0xae992849c5f544a32dfdfcc74c0695b73b8732f449727827af6ce3768e968382,PT-fxSAVE-29OCT2026,2026-10-07T00:39:51.984070+00:00,borrow APY (Morpho native),6.018923158209987,87695.66173899453,1009696.2699215161,1097391.9316605106,https://api.morpho.org/graphql,https://api.morpho.org/graphql
morpho-blue,Ethereum,USDC,0xaf53761f4931911877474ab8c7ff856987207ee7ec15e8513ff9cf86939229a0,FLUID,2026-10-07T00:39:54.936963+00:00,borrow APY (Morpho native),4.180632007645688,0.011010068407469917,0.09293013692248113,0.10394020532995105,https://api.morpho.org/graphql,https://api.morpho.org/graphql
morpho-blue,Ethereum,USDC,0xb323495f7e4148be5643a4ea4a8221eef163e4bccfdedc2a6f4696baacbc86cc,wstETH,2026-10-07T00:39:51.984070+00:00,borrow APY (Morpho native),5.003605063461036,3201035.53775635,29308787.689013343,32509823.226769693,https://api.morpho.org/graphql,https://api.morpho.org/graphql
morpho-blue,Ethereum,USDC,0xb37c30f34bff11c81ee8400133965f450a5f7c5d81ba2cf5740076f49eabc95c,PT-apyUSD-5NOV2026,2026-10-07T00:39:51.984070+00:00,borrow APY (Morpho native),5.602761382887868,1117645.3898460446,5604151.3960894635,6721796.785935508,https://api.morpho.org/graphql,https://api.morpho.org/graphql
morpho-blue,Ethereum,USDC,0xb55c0ebe12c4af149ce74ba4d83ca847c3be6787921b36b51a4d98bd105163e2,wJAAA,2026-10-07T00:39:51.984070+00:00,borrow APY (Morpho native),4.002328173506861,579741.9241993129,5291386.23664906,5871128.160848373,https://api.morpho.org/graphql,https://api.morpho.org/graphql
morpho-blue,Ethereum,USDC,0xb5984309423c6816e422bec5fb98afa3854581f010f430e238bb1800373a15f9,USDi,2026-10-07T00:39:54.936963+00:00,borrow APY (Morpho native),3.2504954253304343,0.09999153943756178,0.9087061118468566,1.0086976512844184,https://api.morpho.org/graphql,https://api.morpho.org/graphql
morpho-blue,Ethereum,USDC,0xb8fef900b383db2dbbf4458c7f46acf5b140f26d603a6d1829963f241b82510e,OETH,2026-10-07T00:39:51.984070+00:00,borrow APY (Morpho native),8.057601587634666,1021881.1263269037,9525886.406139681,10547767.532466585,https://api.morpho.org/graphql,https://api.morpho.org/graphql
morpho-blue,Ethereum,USDC,0xba3ba077d9c838696b76e29a394ae9f0d1517a372e30fd9a0fc19c516fb4c5a7,cbBTC,2026-10-07T00:39:51.984070+00:00,borrow APY (Morpho native),4.9954606820328165,59386.999021732714,558573.7235166867,617960.7225384194,https://api.morpho.org/graphql,https://api.morpho.org/graphql
morpho-blue,Ethereum,USDC,0xbbf7ce1b40d32d3e3048f5cf27eeaa6de8cb27b80194690aab191a63381d8c99,siUSD,2026-10-07T00:39:51.984070+00:00,borrow APY (Morpho native),7.0856721342848,1027062.1114743324,7188586.871457249,8215648.982931581,https://api.morpho.org/graphql,https://api.morpho.org/graphql
morpho-blue,Ethereum,USDC,0xbc99de6a88904cd0e69042ad6f266e63182801f030c636507c3caf590ffd84fe,cbBTC,2026-10-07T00:39:51.984070+00:00,borrow APY (Morpho native),4.679916180369416,86887.34237914509,823982.5131673352,910869.8555464803,https://api.morpho.org/graphql,https://api.morpho.org/graphql
morpho-blue,Ethereum,USDC,0xbd2a3db5fd995fdb01721bd9e402b44cedd7d332e200fb09c1cd1efb3b70efa5,nFALCON,2026-10-07T00:39:51.984070+00:00,borrow APY (Morpho native),4.565048831150722,1130.6799490227204,48917.35358857098,50048.0335375937,https://api.morpho.org/graphql,https://api.morpho.org/graphql
morpho-blue,Ethereum,USDC,0xbd2deecb78d6ea40e22644153ec293e33774ad451a76eb2a8a4052731abf4676,XAUa,2026-10-07T00:39:54.936963+00:00,borrow APY (Morpho native),10.804318564838828,0.08899247009943001,0.9291523818310492,1.0181448519304792,https://api.morpho.org/graphql,https://api.morpho.org/graphql
morpho-blue,Ethereum,USDC,0xbf02d6c6852fa0b8247d5514d0c91e6c1fbde9a168ac3fd2033028b5ee5ce6d0,LBTC,2026-10-07T00:39:51.984070+00:00,borrow APY (Morpho native),5.821866163770783,269149.94391017454,1711214.7959006368,1980364.7398108114,https://api.morpho.org/graphql,https://api.morpho.org/graphql
morpho-blue,Ethereum,USDC,0xc12d1dd6d5009d6fb98f2d558b90ce10039ab65a6f81bac18261b28d4859689c,FLOKI,2026-10-07T00:39:51.984070+00:00,borrow APY (Morpho native),10.019639079229833,36.05522726687559,376.23653058004373,412.2917578469193,https://api.morpho.org/graphql,https://api.morpho.org/graphql
morpho-blue,Ethereum,USDC,0xc498f4bfdda99e60ea8eb04c1e145654a70bc59da76ef9c6ed54a1314d78e5b5,steakEURCV,2026-10-07T00:39:51.984070+00:00,borrow APY (Morpho native),4.8601447665133275,1320170.2343453057,10981659.15510783,12301829.389453135,https://api.morpho.org/graphql,https://api.morpho.org/graphql
morpho-blue,Ethereum,USDC,0xc4df202d87a359d4c91d7d499b6b7522602df7f7f1d92998a6050f4f8826b551,trUSD,2026-10-07T00:39:54.936963+00:00,borrow APY (Morpho native),0.38517625155270857,1.2999370087118383,2.706612985942485,4.006549994654323,https://api.morpho.org/graphql,https://api.morpho.org/graphql
morpho-blue,Ethereum,USDC,0xc7e49dd404825da16988955201ed22ecf8a7b25f0337db8a698d70d7a9f343ea,PT-USDat-14JAN2027,2026-10-07T00:39:51.984070+00:00,borrow APY (Morpho native),6.0308407507479975,154950.00935246726,1452972.768648276,1607922.7780007434,https://api.morpho.org/graphql,https://api.morpho.org/graphql
morpho-blue,Ethereum,USDC,0xcac5902b997725b46ff9cc1eecc7607d566f591d88904daf6b4491f060495308,stBRL,2026-10-07T00:39:51.984070+00:00,borrow APY (Morpho native),0.025029423413605725,275347.04544216674,86.90957333912174,275433.95501550584,https://api.morpho.org/graphql,https://api.morpho.org/graphql
morpho-blue,Ethereum,USDC,0xcb0f31c185ad82b6d2bdbe87f73b6889cfbbf5b1890e94d8e411005611674daa,strUSD,2026-10-07T00:39:54.936963+00:00,borrow APY (Morpho native),0.12783630438988772,1.0299128562068858,0.2702421340609262,1.300154990267812,https://api.morpho.org/graphql,https://api.morpho.org/graphql
morpho-blue,Ethereum,USDC,0xd21bbc238918855461d943753ac4c90d103888e5661fd78f3378294c45f7d8df,PT-trUSD-26NOV2026,2026-10-07T00:39:51.984070+00:00,borrow APY (Morpho native),9.831723486445943,190318.93044461845,1843486.8929373801,2033805.8233819986,https://api.morpho.org/graphql,https://api.morpho.org/graphql
morpho-blue,Ethereum,USDC,0xd3c7b3668b91b90f7571817009503826025159111743b95f542730b42c94d3ea,QQQon,2026-10-07T00:39:54.936963+00:00,borrow APY (Morpho native),5.683673693551329,0.26780034066786074,0.977585283788421,1.2453856244562818,https://api.morpho.org/graphql,https://api.morpho.org/graphql
morpho-blue,Ethereum,USDC,0xd570c19c0dc0fbe4ab7faf4a37c4150e1c141c8aada8ca3e1b4b6c1b712af93d,stUSDS,2026-10-07T00:39:51.984070+00:00,borrow APY (Morpho native),4.070480638962344,1987452.0580260912,7835513.882866352,9822965.940892443,https://api.morpho.org/graphql,https://api.morpho.org/graphql
morpho-blue,Ethereum,USDC,0xd8849a4724965af31cba10bf8fe7a28008235716ed8000c375e64e53addf339a,EURCV,2026-10-07T00:39:54.936963+00:00,borrow APY (Morpho native),3.1756085854197433,0.023374022258924432,0.1979712491016397,0.22134527136056414,https://api.morpho.org/graphql,https://api.morpho.org/graphql
morpho-blue,Ethereum,USDC,0xdc113d1b16fb070de093b7e7beac43c02022d52dd04181cf59312417338a280d,PT-siUSD-22OCT2026,2026-10-07T00:39:54.936963+00:00,borrow APY (Morpho native),4.074827018499618,0.05999392374714263,0.5403342808126961,0.6003282045598387,https://api.morpho.org/graphql,https://api.morpho.org/graphql
morpho-blue,Ethereum,USDC,0xdd89d3433842afc8565a5d19a6a930414b02345cb1d6ca510ca3981d92a7e8a0,oTFY,2026-10-07T00:39:54.936963+00:00,borrow APY (Morpho native),6.146043121601282,0.05007376311954215,0.4530026701833241,0.5030764333028662,https://api.morpho.org/graphql,https://api.morpho.org/graphql
morpho-blue,Ethereum,USDC,0xde2bb82278de27e7851625e2d7c25280adc6d499c000cc6904eb0ab29124a481,PEPE,2026-10-07T00:39:51.984070+00:00,borrow APY (Morpho native),2.3691862858846693,87.3987299502187,8652.874631195638,8740.273361145857,https://api.morpho.org/graphql,https://api.morpho.org/graphql
morpho-blue,Ethereum,USDC,0xdf034d0351a4c0af947e1a37ecd5ccbce60d72eac90de6fcad48c74e2869d14c,PT-iUSD-25JUN2026,2026-10-07T00:39:54.936963+00:00,borrow APY (Morpho native),175.57632399132132,0.07984124441010443,1.0414998757969105,1.121341120207015,https://api.morpho.org/graphql,https://api.morpho.org/graphql
morpho-blue,Ethereum,USDC,0xdf9ba95a4db27532ded6d5ca5c6085c95bf1cdc748aeae3d933fbca1b579c9a8,PT-srUSDat-14JAN2027,2026-10-07T00:39:51.984070+00:00,borrow APY (Morpho native),17.28855679998113,1499.873091563426,21238.231139155192,22738.104230718618,https://api.morpho.org/graphql,https://api.morpho.org/graphql
morpho-blue,Ethereum,USDC,0xe07d416323a1afbfe0bf2fe27ffb549ff565cf5c86d21b79fc60664038e597c9,savUSD,2026-10-07T00:39:51.984070+00:00,borrow APY (Morpho native),6.998174403384175,810005.1900515435,6420184.816419667,7230190.00647121,https://api.morpho.org/graphql,https://api.morpho.org/graphql
morpho-blue,Ethereum,USDC,0xe3df58f9d3011b7481ff36b939fa5f8da642f34ea5792d25d3958dbf1efa26d7,USD3,2026-10-07T00:39:51.984070+00:00,borrow APY (Morpho native),7.641158949054533,2634730.3615793884,18389049.233394798,21023779.594974186,https://api.morpho.org/graphql,https://api.morpho.org/graphql
morpho-blue,Ethereum,USDC,0xe4cfbee9af4ad713b41bf79f009ca02b17c001a0c0e7bd2e6a89b1111b3d3f08,tBTC,2026-10-07T00:39:51.984070+00:00,borrow APY (Morpho native),4.88777010394926,71717.70740217925,495119.9078886253,566837.6152908045,https://api.morpho.org/graphql,https://api.morpho.org/graphql
morpho-blue,Ethereum,USDC,0xe5d0934660512b15411ebcbb6d03ab8eb5ffd761c4e95c4e7d26632003b4fbf6,edgeUSDx,2026-10-07T00:39:51.984070+00:00,borrow APY (Morpho native),7.885989190033045,4640.905290087299,40201.331480459114,44842.23677054641,https://api.morpho.org/graphql,https://api.morpho.org/graphql
morpho-blue,Ethereum,USDC,0xe83d72fa5b00dcd46d9e0e860d95aa540d5ec106da5833108a9f826f21f36f52,AA_FalconXUSDC,2026-10-07T00:39:51.984070+00:00,borrow APY (Morpho native),5.4739555437657685,1682485.139648809,6513572.411201364,8196057.550850173,https://api.morpho.org/graphql,https://api.morpho.org/graphql
morpho-blue,Ethereum,USDC,0xef2c308b5abecf5c8750a1aa82b47c558005feb7a03f4f8e1ad682d71ac8d0ba,mF-ONE,2026-10-07T00:39:51.984070+00:00,borrow APY (Morpho native),6.552275564339373,3611180.4930322096,22260764.940172475,25871945.433204684,https://api.morpho.org/graphql,https://api.morpho.org/graphql
morpho-blue,Ethereum,USDC,0xeffa583f87a425f68b8ba0c62408b2afe5c30dac436c680fbd2ee3836f037e1d,TSLAon,2026-10-07T00:39:51.984070+00:00,borrow APY (Morpho native),4.980835435800383,10.518300017362037,94.60014961805913,105.11844963542117,https://api.morpho.org/graphql,https://api.morpho.org/graphql
morpho-blue,Ethereum,USDC,0xf02d2e8f427a2b91785b3d09690ef9d3811bf674ba97b00bafc7665004a6dd97,PT-sUSDD-27AUG2026,2026-10-07T00:39:54.936963+00:00,borrow APY (Morpho native),5.57728746434282,0.009128227635255018,0.10293929002018104,0.11206751765543606,https://api.morpho.org/graphql,https://api.morpho.org/graphql
morpho-blue,Ethereum,USDC,0xf062a110320da27e0e7e7d9e1bdf458dd51e2d2089e55f63ff9fd54f415ce35d,PT-strUSD-26NOV2026,2026-10-07T00:39:51.984070+00:00,borrow APY (Morpho native),7.5140390855105235,80471.5121123998,665595.2997562693,746066.8118686691,https://api.morpho.org/graphql,https://api.morpho.org/graphql
morpho-blue,Ethereum,USDC,0xf4e9fb49e95a34320aea8b5e0ef515391a72368c39bdcf8ad8910645fd6eab97,syzUSD,2026-10-07T00:39:51.984070+00:00,borrow APY (Morpho native),4.68572644849282,20998.23036628851,194279.37879806096,215277.60916434947,https://api.morpho.org/graphql,https://api.morpho.org/graphql
morpho-blue,Ethereum,USDC,0xf5b23a40974bcc0092cefc5c1d8031f74721ea092e73a5e6c86b2d63e509d449,GOLDX,2026-10-07T00:39:51.984070+00:00,borrow APY (Morpho native),7.892659703070976,485.95888166655004,3080.50337703592,3566.46225870247,https://api.morpho.org/graphql,https://api.morpho.org/graphql
morpho-blue,Ethereum,USDC,0xf8c5aa31ea6b2a068a9eddb46dd110cae57bf0f12be9583a3f9a818effecba89,PT-USD3-17DEC2026,2026-10-07T00:39:51.984070+00:00,borrow APY (Morpho native),7.875111612264067,3586472.723054394,23233500.56861873,26819973.291673124,https://api.morpho.org/graphql,https://api.morpho.org/graphql
morpho-blue,Ethereum,USDC,0xfa7453a6a9112c96e71e2042fbdc84d537fc8f4ac0ca11e8b0c31b17eacd56bc,PT-sUSDD-26NOV2026,2026-10-07T00:39:51.984070+00:00,borrow APY (Morpho native),3.801252348878038,77415.97417096898,696957.1669814001,774373.1411523691,https://api.morpho.org/graphql,https://api.morpho.org/graphql
morpho-blue,Ethereum,USDC,0xfb7d54e0ce71efc8fffd3f4e1db0afa9265882da5cc76604b62adfac64501e80,LsETH,2026-10-07T00:39:51.984070+00:00,borrow APY (Morpho native),3.784123968481624,28633.69735217659,263492.3625658777,292126.05991805426,https://api.morpho.org/graphql,https://api.morpho.org/graphql
morpho-blue,Ethereum,USDC,0xfb8d92086861bae6fb778917afd1de5dbbc4ec70edfb636fed48238e225e7e3d,FLHYon,2026-10-07T00:39:51.984070+00:00,borrow APY (Morpho native),4.849184263986506,6.053100830292365,51.201717680167576,57.25481851045994,https://api.morpho.org/graphql,https://api.morpho.org/graphql
morpho-blue,Ethereum,USDC,0xff836cc9796e2889ebf73b26c2de2de74b35f985bb83e9d79380deb4229e365b,etrUSD,2026-10-07T00:39:51.984070+00:00,borrow APY (Morpho native),7.487266219964026,183867.30287778215,1681599.222069762,1865466.524947544,https://api.morpho.org/graphql,https://api.morpho.org/graphql
sparklend,Ethereum,USDC,65ce8276-b4d9-41ba-9f6f-21fc374cf9bc,USDC,2026-10-07T00:39:50.478698+00:00,"base borrow APY, rewards excluded",4.17625,4101405,37806649,41904411,https://yields.llama.fi/lendBorrow,https://yields.llama.fi/pools
